"Time (s)","Distance (cm)"
3.248562501E-2,5.000000000E0
2.861965625E0,0.000000000E0
3.863379625E0,5.000000000E0