C,max_iter,penalty,solver,train_accuracy,val_accuracy,rank_test_score
0.01,500,l2,lbfgs,1.0,0.9782051282051282,9
0.01,1000,l2,lbfgs,1.0,0.9782051282051282,9
0.1,500,l2,lbfgs,1.0,0.9974358974358974,7
0.1,1000,l2,lbfgs,1.0,0.9974358974358974,7
1.0,500,l2,lbfgs,1.0,0.9987179487179487,5
1.0,1000,l2,lbfgs,1.0,0.9987179487179487,5
10.0,500,l2,lbfgs,1.0,1.0,1
10.0,1000,l2,lbfgs,1.0,1.0,1
100.0,500,l2,lbfgs,1.0,1.0,1
100.0,1000,l2,lbfgs,1.0,1.0,1
