"Time (s)","Distance (cm)"
3.896041668E-2,5.000000000E0
2.431446250E0,0.000000000E0
8.123225862E1,5.000000000E0
8.302899175E1,0.000000000E0
7.886004339E2,5.000000000E0