"Time (s)","Distance (cm)"
3.943583334E-2,5.000000000E0