"Time (s)","Distance (cm)"
2.966479165E-2,5.000000000E0
1.391241541E2,0.000000000E0
1.393742067E2,5.000000000E0
1.394410819E2,0.000000000E0
1.413486670E2,5.000000000E0