"Time (s)","Distance (cm)"
5.309916683E-3,5.000000000E0
6.852463458E0,0.000000000E0
1.292632934E3,5.000000000E0