"event","experiment time","system time","system time text"
"START",0.000000000000000E0,1.748950574544052E9,"2025-06-03 13:36:14.544 UTC+02:00"
