"Time (s)","Distance (cm)"
4.075749998E-2,5.000000000E0
6.157895833E-1,5.000000000E0
1.877176833E0,0.000000000E0
9.691295881E2,5.000000000E0