"Time (s)","Distance (cm)"
3.762887500E-2,5.000000000E0
2.628539583E0,5.000000000E0
4.229472333E0,0.000000000E0
5.089075930E2,5.000000000E0