"Time (s)","Distance (cm)"
3.252754163E-2,5.000000000E0
1.199702750E0,0.000000000E0
4.363056958E0,5.000000000E0
6.129414083E0,0.000000000E0
8.351168717E2,5.000000000E0