"Time (s)","Distance (cm)"
2.075583325E-3,5.000000000E0