"Time (s)","Distance (cm)"
3.653583321E-3,5.000000000E0
2.459913667E0,0.000000000E0
8.111471284E2,5.000000000E0