"Time (s)","Distance (cm)"
2.048720833E-2,5.000000000E0
2.763541458E0,0.000000000E0
9.820176182E2,5.000000000E0